{
  "languageModel": {
    "types": [
      {
        "name": "AMAZON.Country",
        "values": [
          {
            "id": null,
            "name": {
              "value": "world",
              "synonyms": []
            }
          },
          {
            "id": null,
            "name": {
              "value": "world mode",
              "synonyms": []
            }
          },
          {
            "id": null,
            "name": {
              "value": "choose world mode",
              "synonyms": []
            }
          }
        ]
      }
    ],
    "intents": [
      {
        "name": "AMAZON.CancelIntent",
        "samples": [
          "cancel",
          "cancel it",
          "cancel my last command"
        ]
      },
      {
        "name": "AMAZON.HelpIntent",
        "samples": [
          "help",
          "help me",
          "i need help"
        ]
      },
      {
        "name": "AMAZON.NoIntent",
        "samples": [
          "No",
          "Nope",
          "neh",
          "nhi",
          "Nakko"
        ]
      },
      {
        "name": "AMAZON.RepeatIntent",
        "samples": [
          "once more",
          "can you please repeat",
          "repeat",
          "wait what",
          "please repeat",
          "tell me again"
        ]
      },
      {
        "name": "AMAZON.StopIntent",
        "samples": [
          "stop",
          "exit",
          "Alexa exit"
        ]
      },
      {
        "name": "AMAZON.YesIntent",
        "samples": [
          "yes",
          "yes please",
          "yep",
          "yeah",
          "sure",
          "yaa"
        ]
      },
      {
        "name": "CityChainIntent",
        "samples": [
          "{UScity}",
          "{USstate}",
          "{GBcity}",
          "{GBregion}",
          "{EUROPEcity}",
          "{DEregion}",
          "{country}",
          "{ATregion}",
          "{ATcity}"
        ],
        "slots": [
          {
            "name": "UScity",
            "type": "AMAZON.US_CITY"
          },
          {
            "name": "USstate",
            "type": "AMAZON.US_STATE"
          },
          {
            "name": "GBcity",
            "type": "AMAZON.GB_CITY"
          },
          {
            "name": "GBregion",
            "type": "AMAZON.GB_REGION"
          },
          {
            "name": "EUROPEcity",
            "type": "AMAZON.EUROPE_CITY"
          },
          {
            "name": "DEregion",
            "type": "AMAZON.DE_REGION"
          },
          {
            "name": "country",
            "type": "AMAZON.Country"
          },
          {
            "name": "ATregion",
            "type": "AMAZON.AT_REGION"
          },
          {
            "name": "ATcity",
            "type": "AMAZON.AT_CITY"
          }
        ]
      },
      {
        "name": "defeatIntent",
        "samples": [
          "I accept my defeat",
          "you win",
          "okay you win",
          "I quit",
          "fine you win",
          "quit"
        ],
        "slots": []
      },
      {
        "name": "LifeLineIntent",
        "samples": [
          "i want to use a lifeline",
          "lifeline",
          "life line",
          "i don't know this one",
          "i don't know you tell me",
          "i want to use the lifeline",
          "i want my lifeline",
          "i don't know this",
          "i want to use my lifeline",
          "activate lifeline",
          "use lifeline"
        ],
        "slots": []
      },
      {
        "name": "NewSession",
        "samples": [
          "alexa open atlas adventure",
          "atlas adventure",
          "restart the game",
          "let's restart the game",
          "restart",
          "alexa open atlas"
        ],
        "slots": []
      },
      {
        "name": "SessionEndedRequest",
        "samples": [
          "That's all",
          "thats all",
          "that's all for today",
          "i gotta go",
          "gotta go",
          "bye ",
          "goodbye",
          "bye bye"
        ],
        "slots": []
      },
      {
        "name": "spellingIntent",
        "samples": [
          "spell it",
          "spelling",
          "tell me the spelling",
          "spell bee",
          "what's the spelling",
          "spell it for me",
          "know more",
          "tell me more",
          "more",
          "where is it"
        ],
        "slots": []
      }
    ],
    "invocationName": "atlas adventure"
  }
}